{"v":"4.8.0","meta":{"g":"LottieFiles AE 3.5.2","a":"","k":"","d":"","tc":""},"fr":25,"ip":0,"op":90,"w":1080,"h":1080,"nm":"Shape Motion","ddd":0,"assets":[],"layers":[{"ddd":0,"ind":1,"ty":4,"nm":"Shape Layer 1","sr":1,"ks":{"o":{"a":0,"k":100,"ix":11},"r":{"a":0,"k":0,"ix":10},"p":{"a":0,"k":[540,540,0],"ix":2},"a":{"a":0,"k":[58.017,116.033,0],"ix":1},"s":{"a":0,"k":[100,100,100],"ix":6}},"ao":0,"shapes":[{"ty":"gr","it":[{"ind":0,"ty":"sh","ix":1,"ks":{"a":0,"k":{"i":[[0,0]],"o":[[0,0]],"v":[[1175.95,399.421]],"c":false},"ix":2},"nm":"Path 1","mn":"ADBE Vector Shape - Group","hd":false},{"ty":"fl","c":{"a":0,"k":[0.863529459635,0.157806082333,0.855226943072,1],"ix":4},"o":{"a":0,"k":100,"ix":5},"r":1,"bm":0,"nm":"Fill 1","mn":"ADBE Vector Graphic - Fill","hd":false},{"ty":"tr","p":{"a":0,"k":[0,0],"ix":2},"a":{"a":0,"k":[0,0],"ix":1},"s":{"a":0,"k":[100,100],"ix":3},"r":{"a":0,"k":0,"ix":6},"o":{"a":0,"k":100,"ix":7},"sk":{"a":0,"k":0,"ix":4},"sa":{"a":0,"k":0,"ix":5},"nm":"Transform"}],"nm":"Shape 1","np":3,"cix":2,"bm":0,"ix":1,"mn":"ADBE Vector Group","hd":false},{"ty":"gr","it":[{"ind":0,"ty":"sh","ix":1,"ks":{"a":1,"k":[{"i":{"x":0.667,"y":1},"o":{"x":0.333,"y":0},"t":0,"s":[{"i":[[156.511,0],[0,-156.511],[-156.511,0],[0,156.511]],"o":[[-156.511,0],[0,156.511],[156.511,0],[0,-156.511]],"v":[[0,-283.388],[-283.388,0],[0,283.388],[283.388,0]],"c":true}]},{"i":{"x":0.667,"y":1},"o":{"x":0.333,"y":0},"t":9.5,"s":[{"i":[[156.511,0],[0,-156.511],[-156.511,0],[0,156.511]],"o":[[-156.511,0],[0,156.511],[156.511,0],[0,-156.511]],"v":[[4.463,-44.628],[-283.388,0],[0,283.388],[283.388,0]],"c":true}]},{"i":{"x":0.667,"y":1},"o":{"x":0.333,"y":0},"t":19,"s":[{"i":[[156.511,0],[0,-156.511],[-156.511,0],[0,156.511]],"o":[[-156.511,0],[0,156.511],[156.511,0],[0,-156.511]],"v":[[0,-283.388],[-283.388,0],[0,283.388],[283.388,0]],"c":true}]},{"i":{"x":0.667,"y":1},"o":{"x":0.333,"y":0},"t":28.5,"s":[{"i":[[156.511,0],[0,-156.511],[-156.511,0],[0,156.511]],"o":[[-156.511,0],[0,156.511],[156.511,0],[0,-156.511]],"v":[[0,-283.388],[-98.182,0],[0,283.388],[283.388,0]],"c":true}]},{"i":{"x":0.667,"y":1},"o":{"x":0.333,"y":0},"t":38,"s":[{"i":[[156.511,0],[0,-156.511],[-156.511,0],[0,156.511]],"o":[[-156.511,0],[0,156.511],[156.511,0],[0,-156.511]],"v":[[0,-283.388],[-283.388,0],[0,283.388],[283.388,0]],"c":true}]},{"i":{"x":0.667,"y":1},"o":{"x":0.333,"y":0},"t":47.5,"s":[{"i":[[156.511,0],[0,-156.511],[-156.511,0],[0,156.511]],"o":[[-156.511,0],[0,156.511],[156.511,0],[0,-156.511]],"v":[[0,-283.388],[-283.388,0],[0,283.388],[2.231,0]],"c":true}]},{"i":{"x":0.667,"y":1},"o":{"x":0.333,"y":0},"t":57,"s":[{"i":[[156.511,0],[0,-156.511],[-156.511,0],[0,156.511]],"o":[[-156.511,0],[0,156.511],[156.511,0],[0,-156.511]],"v":[[0,-283.388],[-283.388,0],[0,283.388],[283.388,0]],"c":true}]},{"i":{"x":0.667,"y":1},"o":{"x":0.333,"y":0},"t":66.5,"s":[{"i":[[156.511,0],[0,-156.511],[-156.511,0],[0,156.511]],"o":[[-156.511,0],[0,156.511],[156.511,0],[0,-156.511]],"v":[[0,-283.388],[-283.388,0],[0,26.777],[283.388,0]],"c":true}]},{"t":76,"s":[{"i":[[156.511,0],[0,-156.511],[-156.511,0],[0,156.511]],"o":[[-156.511,0],[0,156.511],[156.511,0],[0,-156.511]],"v":[[0,-283.388],[-283.388,0],[0,283.388],[283.388,0]],"c":true}]}],"ix":2},"nm":"Path 1","mn":"ADBE Vector Shape - Group","hd":false},{"ind":1,"ty":"sh","ix":2,"ks":{"a":0,"k":{"i":[],"o":[],"v":[],"c":false},"ix":2},"nm":"Path 2","mn":"ADBE Vector Shape - Group","hd":false},{"ty":"fl","c":{"a":1,"k":[{"i":{"x":[0.667],"y":[1]},"o":{"x":[0.333],"y":[0]},"t":0,"s":[0.157806082333,0.863529459635,0.808732395546,1]},{"i":{"x":[0.667],"y":[1]},"o":{"x":[0.333],"y":[0]},"t":18,"s":[0.157806082333,0.863529459635,0.808732395546,1]},{"i":{"x":[0.667],"y":[1]},"o":{"x":[0.333],"y":[0]},"t":19,"s":[0.863529443741,0.15780608356,0.230869174004,1]},{"i":{"x":[0.667],"y":[1]},"o":{"x":[0.333],"y":[0]},"t":37,"s":[0.863529443741,0.15780608356,0.230869174004,1]},{"i":{"x":[0.667],"y":[1]},"o":{"x":[0.333],"y":[0]},"t":38,"s":[0.210943073034,0.863529443741,0.15780608356,1]},{"i":{"x":[0.667],"y":[1]},"o":{"x":[0.333],"y":[0]},"t":56,"s":[0.210943073034,0.863529443741,0.15780608356,1]},{"i":{"x":[0.667],"y":[1]},"o":{"x":[0.333],"y":[0]},"t":57,"s":[0.863529443741,0.15780608356,0.855226933956,1]},{"t":76,"s":[0.863529443741,0.15780608356,0.855226933956,1]}],"ix":4},"o":{"a":0,"k":100,"ix":5},"r":1,"bm":0,"nm":"Fill 1","mn":"ADBE Vector Graphic - Fill","hd":false},{"ty":"tr","p":{"a":0,"k":[58.017,116.033],"ix":2},"a":{"a":0,"k":[0,0],"ix":1},"s":{"a":0,"k":[100,100],"ix":3},"r":{"a":0,"k":0,"ix":6},"o":{"a":0,"k":100,"ix":7},"sk":{"a":0,"k":0,"ix":4},"sa":{"a":0,"k":0,"ix":5},"nm":"Transform"}],"nm":"Ellipse 1","np":4,"cix":2,"bm":0,"ix":2,"mn":"ADBE Vector Group","hd":false}],"ip":0,"op":250,"st":0,"bm":0}],"markers":[]}